Sublevel Name,pp_magtropy,pp_avg_magnitude,entropy
Arnidovirineae,77.96045498982878,107.80771110570184,1.382851230406071
Arnidovirineae,77.75211518095944,107.47816354586935,1.3823181954050487
Arnidovirineae,78.18246718170029,108.1299680839309,1.3830462504161067
