Sublevel Name,pp_magtropy,pp_avg_magnitude,entropy
Coronavirinae,104.6134878352737,143.03565633226768,1.3672773873813884
Torovirinae,110.78327720743995,149.17013485037796,1.3465040808556261
